,Sector_score,LOCATION_ID,PARA_A,PARA_B,numbers,Money_Value,District_Loss,History,Score,Risk
0,3.89,23,4.18,2.5,5.0,3.38,2,0,2.4,1
1,3.89,6,0.0,4.83,5.0,0.94,2,0,2.0,0
2,3.89,6,0.51,0.23,5.0,0.0,2,0,2.0,0
3,3.89,6,0.0,10.8,6.0,11.75,2,0,4.4,1
4,3.89,6,0.0,0.08,5.0,0.0,2,0,2.0,0
5,3.89,6,0.0,0.83,5.0,2.95,2,0,2.0,0
6,3.89,7,1.1,7.41,5.0,44.95,2,0,3.2,1
7,3.89,8,8.5,12.03,5.5,7.79,2,0,4.2,1
8,3.89,8,8.4,11.05,5.5,7.34,2,0,4.2,1
9,3.89,8,3.98,0.99,5.0,1.93,2,0,2.4,0
10,3.89,8,5.43,10.77,5.0,4.42,2,0,3.6,1
11,3.89,8,15.38,40.14,5.0,0.96,2,1,4.0,1
12,3.89,8,5.47,7.63,5.0,10.43,2,1,3.6,1
13,3.89,8,1.09,0.35,5.0,0.0,2,0,2.2,0
14,3.89,8,0.0,0.84,5.0,0.007,2,0,2.0,0
15,3.89,13,1.95,9.01,5.0,9.0,2,0,3.0,1
16,3.89,37,8.54,31.63,5.0,41.28,2,1,4.2,1
17,3.89,37,4.18,4.83,5.5,14.03,2,0,3.2,1
18,3.89,37,1.81,1.03,5.0,0.0,2,0,2.2,0
19,3.89,37,4.86,46.78,5.5,63.18,2,0,4.4,1
20,3.89,24,6.26,14.1,5.0,34.24,2,1,4.2,1
21,3.89,3,0.02,5.94,5.0,0.01,2,0,2.6,0
22,3.89,3,5.31,22.79,5.0,205.19,2,1,4.2,1
23,3.89,3,0.94,0.01,5.0,0.1,2,0,2.0,0
24,3.89,4,5.78,57.92,5.0,11.16,2,0,4.0,1
25,3.89,4,7.42,2.24,5.0,1.25,2,0,2.4,1
26,3.89,4,0.0,1.1,5.0,0.007,2,0,2.0,0
27,3.89,14,6.85,31.76,5.0,1.46,2,0,3.6,1
28,3.89,14,0.0,1.03,5.0,0.0,2,0,2.0,0
29,3.89,37,0.0,0.75,5.0,6.78,2,0,2.2,0
30,3.89,37,2.4,16.63,5.0,1.16,2,0,3.6,1
31,3.89,5,0.0,0.05,5.0,152.41,2,0,2.4,1
32,3.89,5,0.0,1.76,5.0,1.08,2,0,2.0,0
33,3.89,5,0.0,2.97,5.0,2.84,2,0,2.0,0
34,3.89,5,0.0,0.43,5.0,0.0,2,0,2.0,0
35,3.89,5,0.0,0.94,5.0,0.9,2,0,2.0,0
36,3.89,20,9.01,19.82,5.0,9.67,2,0,3.8,1
37,3.89,19,0.0,0.05,5.0,0.0,2,0,2.0,0
38,3.89,19,11.95,30.9,5.0,32.68,2,0,4.0,1
39,3.89,19,7.97,17.18,5.0,935.03,2,0,4.0,1
40,3.89,19,0.0,3.71,5.0,29.63,2,0,2.4,1
41,3.89,19,0.62,2.02,5.0,0.11,2,0,2.0,0
42,3.89,19,0.0,2.27,5.0,2.62,2,0,2.0,0
43,3.89,19,0.0,0.0,5.0,0.0,2,0,2.0,0
44,3.89,19,1.32,0.0,5.0,0.06,2,0,2.2,0
45,3.89,19,0.0,1.03,5.0,2.43,2,0,2.0,0
46,3.89,21,0.0,15.38,5.0,126.13,2,0,3.6,1
47,3.89,21,0.0,1.02,5.0,0.0,2,0,2.0,0
48,3.89,21,0.0,20.71,5.0,20.79,2,2,4.0,1
49,3.89,22,2.95,6.56,5.0,156.92,2,0,3.4,1
50,3.89,22,1.97,2.1,5.0,12.29,2,0,3.0,1
51,3.89,22,0.0,18.05,5.0,2.29,2,0,3.2,1
52,3.89,22,0.0,0.93,5.0,7.78,2,0,2.2,0
53,3.89,9,0.0,1.61,5.0,2.51,2,0,2.0,0
54,3.89,9,6.32,9.01,5.0,8.31,2,0,3.2,1
55,3.89,9,0.0,1.05,5.0,0.16,2,0,2.0,0
56,3.89,11,0.0,6.8,5.0,47.9,2,0,3.0,1
57,3.89,11,14.04,10.83,5.0,8.91,2,0,3.8,1
58,3.89,11,6.67,18.02,5.5,4.95,2,2,4.4,1
59,3.89,11,0.0,0.0,5.0,1.75,2,0,2.0,0
60,3.89,11,0.0,0.08,5.0,0.68,2,0,2.0,0
61,3.89,11,1.26,0.05,5.0,0.0,2,0,2.2,0
62,3.89,12,0.0,0.03,5.0,0.06,2,0,2.0,0
63,3.89,12,0.0,0.79,5.0,15.82,2,0,2.4,1
64,3.89,12,4.76,13.03,5.0,0.58,2,1,3.8,1
65,3.89,12,8.81,9.02,5.0,215.31,2,1,3.6,1
66,3.89,12,0.0,0.07,5.0,0.0,2,0,2.0,0
67,3.89,12,13.92,2.2,5.0,0.05,2,0,2.4,1
68,3.89,12,1.07,0.0,5.0,0.0,2,0,2.2,0
69,3.89,12,0.0,0.89,5.0,0.0,2,0,2.0,0
70,3.89,8,0.0,3.98,6.0,53.34,2,0,3.2,1
71,3.89,8,10.0,74.26,5.5,11.16,2,3,4.8,1
72,3.89,29,4.24,8.06,5.0,10.69,2,0,3.4,1
73,3.89,29,12.27,72.46,5.0,5.69,2,0,3.8,1
74,3.89,29,0.0,0.96,5.0,1.35,2,0,2.0,0
75,3.89,30,12.7,1.28,5.0,11.69,2,0,2.8,1
76,3.89,38,0.0,63.13,5.0,14.6,2,1,3.8,1
77,3.89,31,1.99,10.24,5.0,20.78,2,0,3.8,1
78,3.89,2,0.05,0.21,5.5,102.22,2,0,2.8,1
79,3.89,2,0.0,7.37,5.0,0.74,2,0,2.6,0
80,3.89,2,0.0,3.72,5.0,0.0,2,9,2.4,1
81,3.89,2,71.48,25.63,5.0,873.37,2,0,4.0,1
82,3.89,2,0.0,0.0,5.0,0.0,2,0,2.0,0
83,3.89,2,0.74,1.0,5.0,0.0,2,0,2.0,0
84,3.89,2,0.0,0.58,5.0,0.0,2,0,2.0,0
85,3.89,9,8.46,72.76,5.0,1.4,2,2,4.2,1
86,3.89,9,0.42,0.07,5.0,0.42,2,0,2.0,0
87,3.89,32,0.01,1.29,5.5,36.52,4,0,3.0,1
88,3.89,32,6.85,65.93,5.5,6.02,4,0,4.4,1
89,3.89,32,5.37,8.62,5.0,17.16,4,0,3.6,1
90,3.89,32,4.93,6.54,5.5,12.91,4,0,4.0,1
91,3.89,32,1.22,0.06,5.0,0.0,4,0,2.4,0
92,3.89,32,0.0,0.85,5.0,0.0,4,0,2.2,0
93,3.89,16,15.72,57.94,6.0,10.79,6,0,5.2,1
94,3.89,16,4.95,42.61,5.0,3.46,6,1,4.2,1
95,3.89,16,0.0,0.08,5.0,0.06,6,0,2.4,1
96,3.89,16,1.19,12.88,5.0,2.33,6,0,3.8,1
97,3.89,16,0.0,2.72,5.0,5.58,6,0,2.6,1
98,3.89,16,0.0,1.66,5.0,0.76,6,0,2.4,1
99,3.89,16,6.47,12.18,5.0,25.27,6,0,4.4,1
100,3.89,16,1.33,0.0,5.0,0.2,6,0,2.6,1
101,3.89,16,0.0,1.1,5.0,0.0,6,0,2.4,1
102,3.89,33,2.57,4.49,5.0,7.56,2,1,2.8,1
103,3.89,15,0.0,1.88,5.0,0.0,2,0,2.0,0
104,3.89,15,0.77,18.31,5.0,67.03,2,0,3.6,1
105,3.89,15,5.23,5.89,5.0,19.4,2,0,3.4,1
106,3.89,15,6.59,23.66,5.0,34.83,2,1,4.2,1
107,3.89,15,7.18,14.63,5.0,98.75,2,0,4.0,1
108,3.89,15,1.0,0.0,5.0,0.36,2,0,2.2,0
109,3.89,13,0.0,0.06,5.0,0.0,2,0,2.0,0
110,3.89,13,2.63,2.55,5.0,0.0,2,0,2.4,0
111,3.89,13,0.0,0.87,5.0,0.0,2,0,2.0,0
112,3.89,36,10.96,41.47,5.0,35.21,2,1,4.2,1
113,3.89,6,0.0,0.23,5.0,0.0,2,0,2.0,0
114,3.41,34,4.25,45.51,5.5,8.2,2,0,4.2,1
115,3.41,18,1.98,51.42,5.5,20.33,2,1,4.4,1
116,3.41,25,1.44,29.25,5.0,35.13,2,0,3.8,1
117,3.41,39,1.52,37.33,5.5,63.7,2,0,4.2,1
118,3.41,39,3.63,10.85,5.0,0.28,2,0,3.0,1
119,3.41,2,1.35,66.35,5.5,27.13,2,3,4.6,1
120,3.41,39,9.97,88.73,5.0,10.27,2,0,4.0,1
121,3.41,27,1.41,36.16,5.0,13.05,2,0,4.2,1
122,3.41,8,1.98,67.91,5.5,18.79,2,1,4.4,1
123,3.41,11,10.08,22.31,5.5,16.82,2,0,4.4,1
124,3.41,11,1.44,9.65,6.5,10.03,2,0,4.0,1
125,3.41,12,25.4,51.74,5.0,12.67,6,2,4.8,1
126,3.41,12,3.21,72.07,5.0,13.79,6,1,4.6,1
127,3.41,9,12.28,20.62,5.0,10.16,2,1,4.2,1
128,3.41,9,6.93,70.26,5.0,9.73,2,0,3.8,1
129,3.41,16,3.34,37.59,5.0,26.95,2,0,4.0,1
130,3.41,13,15.66,74.53,5.0,29.07,2,0,4.0,1
131,3.41,13,2.92,5.24,5.0,9.76,2,0,3.2,1
132,3.41,37,0.83,28.06,5.0,13.31,2,0,3.6,1
133,3.41,13,1.97,30.25,5.0,0.68,2,0,3.4,1
134,3.41,5,10.0,47.9,5.0,7.7,2,0,3.8,1
135,3.41,35,13.06,45.42,5.0,10.4,2,0,4.0,1
136,3.41,38,1.35,33.25,5.5,20.62,2,0,4.2,1
137,3.41,4,4.13,16.74,5.0,44.02,2,0,4.0,1
138,3.41,31,12.62,80.06,5.5,43.53,4,0,4.6,1
139,3.41,31,16.36,41.1,5.0,12.03,4,0,4.2,1
140,3.41,16,12.68,41.0,5.5,11.88,2,0,4.4,1
141,3.41,16,11.73,85.87,5.0,6.96,2,1,4.0,1
142,3.41,22,5.15,44.67,5.5,21.07,2,0,4.4,1
143,3.41,7,6.61,55.62,5.0,57.16,2,0,4.2,1
144,3.41,8,8.03,94.43,5.5,10.65,2,2,4.8,1
145,3.41,8,1.21,34.03,5.0,5.36,2,0,3.6,1
146,3.41,19,1.64,46.21,5.0,2.45,2,0,3.4,1
147,3.41,19,1.21,43.84,5.5,31.61,2,0,4.2,1
148,3.41,29,1.1,87.71,5.5,34.32,2,0,4.2,1
149,3.41,29,4.17,24.37,5.0,4.24,2,0,3.6,1
150,3.41,20,1.08,32.71,5.0,8.38,2,0,3.6,1
151,3.41,29,12.29,25.74,5.0,22.1,2,0,4.2,1
152,3.41,32,12.54,31.62,5.0,54.07,2,0,4.0,1
153,3.41,9,17.26,44.22,5.0,27.68,2,1,4.2,1
154,3.41,30,1.15,20.1,6.0,21.45,2,0,4.6,1
155,3.41,15,20.04,48.9,5.0,11.09,2,0,4.0,1
156,3.41,15,12.17,47.0,6.0,10.14,2,0,4.8,1
157,3.41,40,10.37,105.56,9.0,52.13,2,0,4.8,1
158,3.41,41,9.67,62.25,5.5,17.02,2,0,4.4,1
159,3.41,42,3.77,40.86,5.0,18.0,2,0,4.0,1
160,3.41,22,4.73,60.22,5.0,69.76,2,0,4.0,1
161,3.41,11,6.31,19.42,5.5,13.88,2,0,4.4,1
162,3.41,13,5.61,1.56,5.0,4.03,2,0,2.4,1
163,3.41,37,5.22,20.94,5.0,2.44,2,0,3.6,1
164,3.41,19,0.31,58.12,5.0,78.98,2,0,3.8,1
165,3.41,15,2.86,17.09,5.5,6.88,2,0,4.2,1
166,3.41,14,16.53,72.99,5.0,5.49,2,1,4.0,1
167,3.41,22,2.7,45.16,5.0,37.79,2,0,4.0,1
168,3.41,8,3.08,60.78,5.0,0.36,2,0,3.6,1
169,3.41,32,2.0,49.19,5.0,60.88,2,1,4.2,1
170,3.41,2,1.18,0.0,5.5,183.2,2,0,3.2,1
171,3.41,39,1.07,0.0,5.0,10.02,2,0,2.6,1
172,3.41,12,1.07,0.0,5.0,0.0,6,0,2.6,1
173,3.41,13,1.01,0.0,5.0,0.0,2,0,2.2,0
174,3.41,5,0.93,0.0,5.0,0.0,2,0,2.0,0
175,3.41,4,4.01,0.0,5.0,0.0,2,0,2.4,0
176,3.41,32,0.77,0.0,5.0,0.32,2,0,2.0,0
177,3.41,16,1.05,0.0,5.0,0.0,2,0,2.2,0
178,3.41,15,1.01,0.0,5.0,0.28,2,0,2.2,0
179,3.41,19,0.91,0.0,5.0,0.0,2,0,2.0,0
180,3.41,8,1.12,0.0,5.0,0.0,2,0,2.2,0
181,3.41,9,0.8,0.0,5.0,0.18,2,0,2.0,0
182,3.41,22,0.65,0.0,5.0,0.0,2,0,2.0,0
183,3.41,29,0.63,0.0,5.0,0.0,2,0,2.0,0
184,3.41,6,0.43,0.0,5.0,0.0,2,0,2.0,0
185,3.41,11,1.21,0.0,5.0,0.0,2,0,2.2,0
186,3.41,31,0.17,0.0,5.0,0.0,2,0,2.0,0
187,3.41,18,0.0,0.0,5.0,0.0,4,0,2.2,0
188,3.41,14,0.0,0.0,5.0,0.0,2,0,2.0,0
189,3.41,36,0.07,0.0,5.0,0.0,2,0,2.0,0
190,2.72,18,5.11,53.76,6.0,48.56,2,2,5.2,1
191,2.72,39,2.46,6.72,5.0,0.0,2,0,3.0,1
192,2.72,39,4.05,21.66,5.5,18.45,2,0,4.4,1
193,2.72,39,2.81,4.6,5.0,8.44,2,0,2.6,1
194,2.72,25,4.43,61.47,5.5,39.65,2,0,4.4,1
195,2.72,39,3.48,17.85,5.0,9.53,2,0,3.8,1
196,2.72,8,3.62,44.28,5.0,44.67,2,0,4.0,1
197,2.72,8,4.34,24.13,5.0,3.42,2,0,3.6,1
198,2.72,12,3.62,8.37,5.0,0.0,2,0,3.0,1
199,2.72,11,3.11,113.97,5.5,26.64,2,0,4.4,1
200,2.72,9,1.65,20.86,5.0,16.91,2,0,3.8,1
201,2.72,12,3.43,1.53,5.0,0.0,2,0,2.4,0
202,2.72,9,3.84,98.67,5.0,12.9,2,0,4.0,1
203,2.72,12,7.42,115.87,6.0,6.79,2,1,4.8,1
204,2.72,12,7.07,35.48,5.0,8.76,2,0,3.8,1
205,2.72,2,3.26,5.55,5.0,0.21,6,0,3.4,1
206,2.72,13,3.84,144.39,5.0,19.68,2,1,4.4,1
207,2.72,13,5.5,93.26,5.0,14.27,2,0,4.0,1
208,2.72,5,1.9,35.04,6.5,16.19,2,0,4.6,1
209,2.72,5,3.5,16.09,5.0,5.03,2,0,3.8,1
210,2.72,5,1.46,0.75,5.0,0.11,2,0,2.2,0
211,2.72,38,4.6,54.99,5.0,14.1,2,0,4.0,1
212,2.72,5,7.43,79.5,5.0,102.39,2,0,4.0,1
213,2.72,11,3.51,52.89,5.0,4.26,2,0,3.6,1
214,2.72,4,5.65,67.16,6.0,27.23,2,0,4.8,1
215,2.72,4,1.33,0.35,5.0,0.0,2,0,2.2,0
216,2.72,31,5.45,71.09,5.5,59.18,2,0,4.4,1
217,2.72,4,1.73,5.64,5.0,13.35,2,0,3.2,1
218,2.72,16,6.02,135.69,6.0,89.64,4,0,5.0,1
219,2.72,22,3.22,55.64,5.0,80.8,2,0,4.2,1
220,2.72,16,2.41,5.28,5.0,8.95,4,0,3.4,1
221,2.72,16,2.84,64.91,5.5,124.59,4,0,4.6,1
222,2.72,16,1.75,0.57,5.0,0.0,4,0,2.4,1
223,2.72,16,2.18,30.81,5.0,5.8,4,0,4.0,1
224,2.72,16,3.26,2.81,6.0,21.6,4,0,3.8,1
225,2.72,40,4.43,51.32,5.5,145.97,2,0,4.4,1
226,2.72,8,5.61,99.33,6.5,76.47,2,0,4.8,1
227,2.72,19,3.9,27.92,5.0,47.6,2,0,4.0,1
228,2.72,19,2.19,0.68,5.0,28.4,2,0,2.8,1
229,2.72,19,1.56,14.64,5.0,25.97,2,0,3.2,1
230,2.72,14,4.53,87.93,5.0,85.81,2,0,4.0,1
231,2.72,20,4.97,42.19,5.5,45.37,2,0,4.4,1
232,2.72,19,2.13,0.59,5.0,0.76,2,0,2.4,0
233,2.72,19,3.66,15.47,5.0,1.43,2,0,3.6,1
234,2.72,19,1.64,0.19,5.0,1.59,2,0,2.2,0
235,2.72,29,4.9,98.71,5.5,82.99,2,1,4.6,1
236,2.72,32,5.68,67.38,5.0,86.7,2,1,4.2,1
237,2.72,9,3.99,92.05,5.0,15.14,2,1,4.2,1
238,2.72,30,3.47,47.07,5.0,31.38,2,0,4.0,1
239,2.72,15,2.68,38.32,5.0,7.17,2,0,3.8,1
240,2.72,15,2.13,42.64,5.0,18.24,2,0,4.0,1
241,2.72,2,4.28,1264.63,5.5,58.86,6,2,5.2,1
242,2.72,1,4.36,33.91,5.5,6.06,6,0,4.8,1
243,2.72,2,2.23,4.54,5.0,22.8,6,0,3.2,1
244,2.72,12,2.0,0.32,5.0,5.37,2,0,2.6,0
245,2.72,7,3.04,67.37,6.5,77.47,2,0,4.8,1
246,2.72,22,1.19,122.07,5.0,15.2,2,0,3.8,1
247,2.72,1,1.35,0.0,6.0,680.14,2,0,3.4,1
248,2.72,1,1.14,0.0,5.0,0.71,2,0,2.2,0
249,2.72,6,1.51,0.0,5.0,0.0,2,0,2.2,0
250,2.72,8,1.13,0.0,5.0,0.0,2,0,2.2,0
251,2.72,5,1.5,0.0,5.0,1.44,2,0,2.2,0
252,2.72,9,0.96,0.0,5.0,0.0,2,0,2.0,0
253,2.72,12,1.6,0.0,5.0,0.0,2,0,2.2,0
254,2.72,16,1.34,0.0,5.0,0.0,4,0,2.4,0
255,2.72,19,1.6,0.0,5.0,0.06,2,0,2.2,0
256,2.72,11,1.13,0.0,5.0,0.02,2,0,2.2,0
257,2.72,4,0.0,0.0,5.0,0.0,2,0,2.0,0
258,2.72,9,0.0,0.0,5.0,0.0,2,0,2.0,0
259,2.72,12,0.77,0.0,5.0,4.6,2,0,2.0,0
260,2.72,12,1.05,0.0,5.0,0.0,2,0,2.2,0
261,2.72,19,0.0,0.0,5.0,0.0,2,0,2.0,0
262,2.72,22,0.0,0.0,5.0,30.85,2,0,2.4,1
263,2.72,16,0.0,0.0,5.0,0.0,4,0,2.2,0
264,2.72,15,0.0,0.0,5.0,0.0,2,0,2.0,0
265,2.72,15,0.0,0.0,5.0,0.0,2,0,2.0,0
266,2.72,32,0.84,0.0,5.0,8.21,2,0,2.2,0
267,2.72,13,0.0,0.0,5.0,0.0,2,0,2.0,0
268,2.72,19,0.85,0.0,5.0,0.0,2,0,2.0,0
269,2.72,5,0.0,0.28,5.0,0.0,2,0,2.0,0
270,2.72,6,0.61,0.07,5.0,0.0,2,0,2.0,0
271,2.72,8,0.0,0.62,5.0,0.0,2,0,2.0,0
272,2.37,18,3.43,1.0,5.5,49.31,2,1,4.2,1
273,2.37,11,1.63,5.86,5.0,3.69,2,0,3.4,1
274,2.37,1,3.75,1.25,6.0,11.25,6,0,4.6,1
275,2.37,8,2.29,2.64,5.0,3.08,2,0,3.6,0
276,2.37,6,2.51,8.59,5.5,16.03,2,5,4.8,1
277,2.37,16,2.21,5.21,5.0,3.43,2,0,3.6,1
278,2.37,12,2.22,6.23,5.0,0.89,2,0,3.6,1
279,2.37,9,1.67,0.39,5.0,1.43,2,0,2.2,0
280,2.37,13,2.59,0.66,5.0,1.28,2,0,2.4,0
281,2.37,22,2.39,7.72,5.0,5.42,2,1,4.0,1
282,2.37,32,3.42,10.55,5.0,6.96,2,0,3.8,1
283,2.37,27,3.61,2.13,5.0,5.41,2,2,4.4,1
284,2.37,4,1.86,4.51,5.0,7.27,2,0,3.6,1
285,2.37,19,1.9,7.97,5.0,8.6,2,1,3.8,1
286,2.37,14,3.29,6.41,5.0,3.66,2,0,3.6,1
287,2.37,15,2.6,1.14,5.0,8.76,2,1,3.4,1
288,2.37,8,3.81,11.52,5.0,3.25,4,0,3.8,1
289,2.37,9,2.1,5.06,5.0,5.41,2,0,3.8,1
290,2.37,5,2.22,3.4,5.0,26.28,2,1,4.2,1
291,2.37,31,0.96,0.12,5.0,0.22,2,0,2.0,0
292,2.37,38,0.81,4.6,5.0,1.82,2,0,3.2,0
293,2.37,8,1.25,0.02,5.0,0.82,2,0,2.2,0
294,2.37,12,1.65,0.02,5.0,27.99,2,0,2.6,1
295,2.37,18,1.65,0.02,5.0,2.47,2,0,2.2,0
296,2.37,19,2.13,0.11,5.0,7.54,2,0,2.6,1
297,2.37,28,0.44,0.02,5.0,27.1,6,0,2.8,1
298,2.37,28,1.31,0.12,5.5,0.0,6,0,3.0,1
299,2.37,12,0.39,0.14,5.0,0.58,2,0,2.0,0
300,2.37,19,1.0,1.1,5.0,0.0,2,0,2.8,0
301,2.37,12,0.42,0.27,5.0,0.0,2,0,2.0,0
302,2.37,6,1.07,0.59,5.0,0.0,2,0,2.2,0
303,2.37,28,1.29,0.25,5.0,0.0,2,0,2.2,0
304,2.37,5,0.02,0.87,5.0,0.04,2,0,2.0,0
305,2.37,6,1.46,0.55,5.0,0.67,2,0,2.2,0
306,2.37,19,0.84,0.06,5.0,0.72,2,0,2.0,0
307,2.37,8,0.66,1.37,5.0,0.84,4,0,2.8,1
308,2.37,8,0.53,5.4,5.0,0.72,2,0,3.2,0
309,2.37,6,0.39,0.47,5.0,0.0,2,0,2.0,0
310,2.37,19,0.51,0.47,5.0,0.0,2,0,2.0,0
311,2.37,12,0.47,0.29,5.0,0.07,2,0,2.0,0
312,2.37,35,3.35,0.99,5.0,0.12,2,0,2.4,0
313,2.37,28,0.32,0.49,5.0,6.73,6,0,2.6,1
314,2.37,28,0.51,0.0,5.0,0.0,6,0,2.4,1
315,2.37,4,0.0,0.0,5.0,0.05,2,0,2.0,0
316,2.37,9,0.31,0.69,5.0,0.0,2,0,2.0,0
317,2.37,32,0.61,1.54,5.0,0.57,2,0,2.6,0
318,2.37,5,0.26,0.17,5.0,0.0,2,0,2.0,0
319,2.37,2,0.73,0.05,5.0,6.14,6,0,2.6,1
320,2.37,2,0.0,0.0,5.0,0.0,6,0,2.4,1
321,2.37,16,1.27,1.01,5.0,1.15,2,0,2.8,0
322,2.37,19,1.62,0.49,5.0,0.0,2,0,2.2,0
323,2.37,5,1.54,0.46,5.0,0.57,2,0,2.2,0
324,2.37,2,2.18,0.93,5.0,0.0,6,0,2.8,1
325,2.37,2,7.59,1.47,5.5,36.29,6,0,4.2,1
326,2.37,2,0.76,0.34,5.0,0.0,6,0,2.4,1
327,2.37,16,0.38,0.85,5.0,0.04,2,0,2.0,0
328,2.37,5,1.29,0.13,5.0,0.0,2,0,2.2,0
329,2.37,19,1.99,0.63,5.0,0.0,2,0,2.2,0
330,2.37,31,0.0,0.0,5.0,0.0,2,0,2.0,0
331,2.37,4,0.02,0.05,5.0,0.0,2,0,2.0,0
332,2.37,5,0.14,0.08,5.0,0.0,2,0,2.0,0
333,2.37,18,0.09,0.0,5.0,0.0,2,0,2.0,0
334,2.37,9,0.0,0.0,5.0,0.0,2,0,2.0,0
335,2.37,32,0.0,0.0,5.0,0.0,2,0,2.0,0
336,2.37,16,0.01,0.007,5.0,0.0,2,0,2.0,0
337,2.37,16,0.17,0.04,5.0,0.0,2,0,2.0,0
338,2.37,2,1.66,0.83,5.0,0.31,6,0,2.6,1
339,2.37,2,0.5,0.04,5.0,0.0,6,0,2.4,1
340,2.37,2,0.9,0.29,5.0,1.22,6,0,2.4,1
341,2.37,2,0.0,0.0,5.0,0.23,6,0,2.4,1
342,1.99,2,57.03,134.33,5.0,844.37,2,0,4.0,1
343,1.99,8,0.58,0.0,5.0,0.0,2,0,2.0,0
344,1.99,12,1.52,0.0,5.0,6.96,2,0,2.4,0
345,1.99,6,0.9,0.0,5.0,1.95,2,0,2.0,0
346,1.99,6,1.19,0.0,5.0,0.0,2,0,2.2,0
347,1.99,25,0.53,0.0,5.0,2.33,2,0,2.0,0
348,1.99,40,0.93,0.0,5.0,0.11,2,0,2.0,0
349,1.99,8,1.89,0.0,5.0,0.0,2,0,2.2,0
350,1.99,8,1.71,0.0,5.0,0.09,2,0,2.2,0
351,1.99,LOHARU,0.3,0.0,5.0,0.0,2,0,2.0,0
352,1.99,31,0.76,0.0,5.0,7.48,2,0,2.2,0
353,1.99,4,0.96,0.0,5.0,9.45,2,0,2.2,1
354,1.99,14,1.26,0.0,5.0,0.0,2,0,2.2,0
355,1.99,NUH,0.55,0.0,5.0,0.67,2,0,2.0,0
356,1.99,5,0.29,0.0,5.0,0.06,2,0,2.0,0
357,1.99,5,1.27,0.0,5.0,2.77,2,0,2.2,0
358,1.99,5,1.34,0.0,5.0,0.0,2,0,2.2,0
359,1.99,5,0.56,0.0,5.0,1.75,2,0,2.0,0
360,1.99,20,0.86,0.0,5.0,0.0,6,0,2.4,1
361,1.99,19,1.62,0.0,5.0,0.0,6,0,2.6,1
362,1.99,19,3.02,0.0,5.0,0.0,6,0,2.8,1
363,1.99,19,0.59,0.0,5.0,0.0,6,0,2.4,1
364,1.99,22,1.1,0.0,5.0,0.0,2,0,2.2,0
365,1.99,9,1.03,0.0,5.0,27.28,2,0,2.6,1
366,1.99,30,0.66,0.0,5.0,0.73,2,0,2.0,0
367,1.99,SAFIDON,0.48,0.0,5.0,0.47,2,0,2.0,0
368,1.99,11,1.27,0.0,5.0,175.9,2,0,2.6,1
369,1.99,12,0.43,0.0,5.0,13.54,2,0,2.4,1
370,1.99,12,1.65,0.0,5.0,0.01,2,0,2.2,0
371,1.99,8,1.4,0.0,5.0,0.0,2,0,2.2,0
372,1.99,8,1.14,0.0,5.0,41.82,2,0,2.6,1
373,1.99,8,0.45,0.0,5.0,0.0,2,0,2.0,0
374,1.99,27,0.6,0.0,5.0,0.0,2,0,2.0,0
375,1.99,29,0.85,0.0,5.0,0.0,2,0,2.0,0
376,1.99,9,1.19,0.0,5.0,29.76,2,0,2.6,1
377,1.99,32,1.23,0.0,5.0,0.11,2,0,2.2,0
378,1.99,32,1.12,0.0,5.0,0.05,2,0,2.2,0
379,1.99,16,1.53,0.0,5.0,0.03,4,0,2.4,0
380,1.99,16,0.77,0.0,5.0,0.0,4,0,2.2,0
381,1.99,16,0.56,0.0,5.0,0.0,4,0,2.2,0
382,1.99,16,1.82,0.0,5.0,85.13,4,0,2.8,1
383,1.99,16,0.44,0.0,5.0,0.04,4,0,2.2,0
384,1.99,15,1.46,0.0,5.0,0.0,2,0,2.2,0
385,1.99,15,1.12,0.0,5.0,10.98,2,0,2.6,1
386,1.99,13,1.56,0.0,5.0,0.1,2,0,2.2,0
387,1.99,13,0.0,0.0,5.0,0.0,2,0,2.0,0
388,1.99,18,0.0,0.0,5.0,0.0,2,0,2.0,0
389,1.85,2,11.24,9.49,5.5,173.02,2,0,4.4,1
390,1.85,6,3.7,0.0,5.0,0.12,2,0,2.4,0
391,1.85,6,8.53,0.16,5.0,0.52,2,0,2.6,1
392,1.85,6,0.47,1.59,5.0,1.24,2,0,2.6,0
393,1.85,8,0.95,1.33,5.0,0.07,4,0,2.8,1
394,1.85,8,13.15,1.63,5.0,1.19,4,0,3.2,1
395,1.85,8,3.17,0.44,5.0,0.0,4,0,2.6,1
396,1.85,8,7.02,1.77,5.0,0.0,4,0,3.2,1
397,1.85,16,0.0,0.0,5.0,0.0,2,0,2.0,0
398,1.85,8,0.95,0.0,5.0,0.13,4,0,2.4,1
399,1.85,8,0.0,0.0,5.0,10.53,4,0,2.6,1
400,1.85,16,9.19,4.2,5.0,0.52,2,0,3.6,1
401,1.85,19,9.14,1.22,5.0,0.0,6,0,3.4,1
402,1.85,6,0.26,0.0,5.0,0.0,2,0,2.0,0
403,1.85,31,3.05,0.05,5.0,0.0,2,0,2.4,0
404,1.85,4,0.56,72.0,5.0,0.51,2,0,3.2,1
405,1.85,4,2.96,0.15,5.0,0.0,2,0,2.4,0
406,1.85,31,2.48,0.0,5.0,0.0,2,0,2.4,0
407,1.85,14,9.94,0.44,5.0,0.15,2,0,2.4,1
408,1.85,14,5.13,0.09,5.0,0.01,2,0,2.4,0
409,1.85,43,2.49,0.29,5.0,0.49,2,0,2.4,0
410,1.85,5,7.22,0.28,5.0,0.0,2,0,2.4,1
411,1.85,5,0.71,0.66,5.0,0.0,2,0,2.0,0
412,1.85,19,19.21,2.47,5.0,0.0,6,0,4.0,1
413,1.85,19,0.18,0.0,5.0,0.0,6,0,2.6,1
414,1.85,19,5.9,0.0,5.0,0.74,6,0,3.0,1
415,1.85,19,4.04,0.0,5.0,0.79,6,0,2.8,1
416,1.85,19,2.81,0.11,5.0,19.45,6,0,3.2,1
417,1.85,19,5.87,0.0,5.0,0.44,6,0,2.8,1
418,1.85,19,1.75,0.0,5.0,0.35,6,0,2.6,1
419,1.85,19,2.05,0.0,5.0,3.53,6,0,2.8,1
420,1.85,19,0.0,0.0,5.0,0.04,6,0,2.6,1
421,1.85,16,3.67,0.18,5.0,0.0,2,0,2.4,0
422,1.85,9,0.64,0.95,5.0,0.0,2,1,2.2,0
423,1.85,9,7.37,1.64,5.0,0.08,2,0,3.0,1
424,1.85,9,10.79,0.67,5.0,0.04,2,0,2.4,1
425,1.85,11,10.02,0.95,5.0,0.43,2,0,2.4,1
426,1.85,11,0.44,0.62,5.0,0.64,2,0,2.0,0
427,1.85,12,2.89,0.11,5.0,0.04,2,0,2.4,0
428,1.85,12,0.6,1.14,5.0,0.43,2,0,2.6,0
429,1.85,8,0.79,1.01,5.0,0.57,2,0,2.6,0
430,1.85,8,3.26,0.36,5.0,0.02,2,0,2.4,0
431,1.85,8,8.94,1.32,5.0,0.02,2,0,3.0,1
432,1.85,27,4.6,1.17,5.0,0.04,2,0,3.0,0
433,1.85,29,7.01,1.12,5.0,0.1,2,0,3.0,1
434,1.85,29,1.04,0.91,5.0,0.37,2,0,2.2,0
435,1.85,9,2.81,0.41,5.0,0.0,2,0,2.4,0
436,1.85,9,0.7,0.6,5.0,0.51,2,0,2.0,0
437,1.85,32,0.78,0.97,5.0,0.97,2,0,2.0,0
438,1.85,32,7.09,1.95,5.0,0.0,2,0,3.0,1
439,1.85,32,1.39,1.1,5.0,0.0,2,0,2.8,0
440,1.85,8,2.46,0.37,5.0,0.0,2,0,2.4,0
441,1.85,4,2.48,0.1,5.0,0.0,2,0,2.4,0
442,1.85,15,1.28,1.75,5.0,0.0,2,0,2.8,0
443,1.85,15,3.83,0.28,5.0,0.0,2,0,2.4,0
444,1.85,15,3.74,0.55,5.0,0.0,2,0,2.4,0
445,1.85,15,11.44,1.41,5.0,0.04,2,0,3.0,1
446,1.85,13,4.99,0.64,5.0,0.0,2,0,2.4,0
447,1.85,13,8.25,1.59,5.0,0.02,2,0,3.0,1
448,1.85,13,0.25,1.8,5.0,0.74,2,0,2.6,0
449,1.85,18,7.2,0.43,5.0,0.01,2,0,2.4,1
450,1.85,18,0.73,1.24,5.0,0.2,2,0,2.6,0
451,1.85,43,5.2,0.0,5.0,0.0,2,0,2.4,0
452,1.85,19,1.16,0.0,5.0,0.11,6,0,2.6,1
453,1.85,19,0.0,0.0,5.0,0.19,6,0,2.4,1
454,1.85,6,0.65,0.03,5.0,0.14,2,0,2.0,0
455,1.85,6,0.79,0.0,5.0,3.54,2,0,2.0,0
456,1.85,19,3.28,0.25,5.0,0.04,6,0,2.8,1
457,1.85,19,0.9,0.0,5.0,0.13,6,0,2.4,1
458,1.85,9,5.0,0.54,5.0,0.0,2,0,2.4,0
459,1.85,9,7.07,0.72,5.0,0.0,2,0,2.4,1
460,1.85,14,1.08,1.98,5.0,3.92,2,0,2.8,0
461,1.85,13,3.46,0.09,5.0,0.06,2,0,2.4,0
462,1.85,22,0.6,1.08,5.0,0.33,2,0,2.6,0
463,1.85,22,3.92,1.08,5.0,0.0,2,0,3.0,0
464,1.85,22,7.84,2.81,5.0,0.0,2,0,3.8,1
465,1.85,8,0.99,0.0,5.0,0.0,4,0,2.2,0
466,1.85,2,0.17,0.11,5.0,0.0,2,0,2.0,0
467,1.85,19,45.23,36.18,5.0,0.0,6,0,4.0,1
468,1.85,11,1.69,0.21,5.0,0.0,2,0,2.2,0
469,1.85,43,0.18,0.63,5.0,0.0,2,0,2.0,0
470,1.85,31,0.01,0.91,5.0,0.0,2,0,2.0,0
471,1.85,16,0.88,1.5,5.0,0.19,2,0,2.6,0
472,1.85,2,1.17,0.15,5.0,0.0,2,0,2.2,0
473,1.85,8,0.0,0.0,5.0,0.0,4,0,2.2,0
474,1.85,16,0.0,0.0,5.0,0.0,2,0,2.0,0
475,1.85,8,0.0,0.0,5.0,0.2,4,0,2.2,0
476,1.85,6,0.0,0.0,5.0,0.0,2,0,2.0,0
477,1.85,19,0.0,0.0,5.0,0.0,6,0,2.4,1
478,1.85,19,0.99,0.11,5.0,0.0,6,0,2.4,1
479,1.85,8,0.21,0.0,5.0,0.0,2,0,2.0,0
480,1.85,14,2.2,0.28,5.0,0.0,2,0,2.4,0
481,1.85,2,3.31,0.17,5.0,0.0,2,0,2.4,0
482,1.85,4,2.43,0.27,5.0,0.0,2,0,2.4,0
483,1.85,12,13.91,0.5,5.0,0.19,2,0,2.4,1
484,2.36,1,1.71,0.0,6.5,88.4,6,4,4.4,1
485,2.37,1,1.13,3.85,6.5,20.89,6,0,5.0,1
486,2.37,2,17.53,0.0,6.5,94.75,6,4,4.4,1
487,2.37,4,0.56,0.7,5.0,0.0,6,0,2.4,1
488,2.37,8,0.56,0.08,5.0,0.05,6,0,2.4,1
489,2.34,2,3.95,0.0,5.5,83.96,6,1,3.8,1
490,2.34,4,0.0,0.0,5.0,0.0,2,0,2.0,0
491,2.34,5,0.0,0.0,5.0,0.0,2,0,2.0,0
492,2.34,2,0.0,0.0,5.0,0.0,2,0,2.0,0
493,2.34,19,0.0,0.0,5.0,0.0,2,0,2.0,0
494,15.56,2,20.65,0.0,6.0,397.31,6,1,4.2,1
495,15.56,1,3.73,2.82,6.0,160.41,6,0,5.2,1
496,15.56,19,0.0,0.0,5.0,23.97,6,0,2.8,1
497,17.68,1,2.52,20.28,5.0,70.56,6,0,4.4,1
498,21.61,2,3.14,5.68,5.5,11.33,4,0,4.6,1
499,21.61,6,0.88,1.07,5.0,0.76,2,0,2.6,0
500,21.61,8,0.8,0.82,5.0,1.32,2,0,2.0,0
501,21.61,4,0.7,0.72,5.0,0.0,2,0,2.0,0
502,21.61,5,0.0,0.39,5.0,0.24,2,0,2.0,0
503,21.61,5,0.33,0.0,5.0,0.0,2,0,2.0,0
504,21.61,5,0.28,0.16,5.0,0.0,2,0,2.0,0
505,21.61,14,0.19,0.27,5.0,0.65,2,0,2.0,0
506,21.61,19,0.53,0.62,5.0,0.01,2,0,2.0,0
507,21.61,19,0.46,0.88,5.0,0.58,2,0,2.0,0
508,21.61,19,0.31,0.28,5.0,0.0,2,0,2.0,0
509,21.61,9,85.0,1.06,5.0,0.0,6,0,3.4,1
510,21.61,11,0.75,0.9,5.0,1.4,2,0,2.0,0
511,21.61,12,0.85,0.93,5.0,0.0,2,0,2.0,0
512,21.61,8,0.34,0.36,5.0,0.03,2,0,2.0,0
513,21.61,8,0.66,0.81,5.0,0.03,2,0,2.0,0
514,21.61,9,0.59,0.69,5.0,0.0,2,0,2.0,0
515,21.61,32,0.61,0.63,5.0,0.0,2,0,2.0,0
516,21.61,16,0.72,0.8,5.0,0.02,2,0,2.0,0
517,21.61,16,0.37,0.1,5.0,0.0,2,0,2.0,0
518,21.61,16,0.62,0.71,5.0,0.08,2,0,2.0,0
519,21.61,15,0.98,1.14,5.0,0.0,2,0,2.6,0
520,21.61,13,0.32,0.0,5.0,0.0,2,0,2.0,0
521,21.61,13,0.56,0.63,5.0,0.09,2,0,2.0,0
522,21.61,18,0.54,0.56,5.0,0.8,2,0,2.0,0
523,21.61,29,0.63,0.69,5.0,0.32,2,0,2.0,0
524,21.61,22,0.37,0.46,5.0,0.0,2,0,2.0,0
525,21.61,14,0.0,0.0,5.0,0.0,2,0,2.0,0
526,21.61,8,0.29,0.33,5.0,0.0,2,0,2.0,0
527,21.61,4,0.67,0.76,5.0,0.0,2,0,2.0,0
528,21.61,19,0.43,0.0,5.0,0.0,2,0,2.0,0
529,21.61,2,0.67,0.75,5.0,0.39,2,0,2.0,0
530,21.61,5,0.84,1.09,5.0,0.0,2,0,2.6,0
531,21.61,43,0.52,0.68,5.0,0.0,2,0,2.0,0
532,21.61,8,0.38,0.48,5.0,0.33,2,0,2.0,0
533,21.61,12,0.19,0.23,5.0,0.0,2,0,2.0,0
534,21.61,16,0.27,0.35,5.0,0.0,2,0,2.0,0
535,21.61,32,0.34,0.27,5.0,0.0,2,0,2.0,0
536,21.61,22,0.02,0.66,5.0,0.0,2,0,2.0,0
537,21.61,31,0.0,0.0,5.0,0.03,2,0,2.0,0
538,21.61,4,0.0,0.0,5.0,0.0,2,0,2.0,0
539,59.85,1,1.94,6.69,5.5,13.3,6,1,4.8,1
540,59.85,8,0.0,0.0,5.0,0.29,2,0,2.0,0
541,59.85,39,0.0,0.0,5.0,3.3,2,0,2.0,0
542,59.85,4,0.27,0.0,5.0,16.09,2,0,2.4,1
543,59.85,5,0.0,0.0,5.0,1.44,2,0,2.0,0
544,59.85,19,0.03,0.0,5.0,1.66,2,0,2.0,0
545,59.85,9,0.0,0.0,5.0,0.19,2,0,2.0,0
546,59.85,11,0.0,0.0,5.0,0.7,2,0,2.0,0
547,59.85,12,0.05,0.0,5.0,0.63,2,0,2.0,0
548,59.85,8,0.0,0.0,5.0,0.93,2,0,2.0,0
549,59.85,29,0.03,0.0,5.0,1.22,2,0,2.0,0
550,59.85,2,0.0,0.0,5.0,1.2,2,0,2.2,0
551,59.85,9,0.01,0.11,5.0,1.03,2,0,2.0,0
552,59.85,32,0.0,0.0,5.0,2.86,2,0,2.0,0
553,59.85,16,0.03,0.0,5.0,1.55,2,0,2.0,0
554,59.85,15,0.0,0.0,5.0,2.39,2,0,2.0,0
555,59.85,13,0.07,0.0,5.0,10.4,2,0,2.4,1
556,59.85,18,0.0,0.0,5.0,1.3,4,0,2.2,0
557,59.85,4,0.31,0.0,5.0,0.0,2,0,2.0,0
558,59.85,4,0.15,0.0,5.0,0.05,2,0,2.0,0
559,59.85,4,0.0,0.0,5.0,0.0,2,0,2.0,0
560,59.85,4,0.01,0.0,5.0,0.6,2,0,2.0,0
561,59.85,5,0.15,0.0,5.0,0.0,2,0,2.0,0
562,59.85,19,0.2,0.28,5.0,0.0,2,0,2.0,0
563,59.85,9,0.06,0.0,5.0,0.0,2,0,2.0,0
564,59.85,9,0.3,0.0,5.0,0.0,2,0,2.0,0
565,59.85,9,0.0,0.0,5.0,0.0,2,0,2.0,0
566,59.85,32,0.0,0.0,5.0,0.0,2,0,2.0,0
567,59.85,7,0.29,0.0,5.0,0.04,2,0,2.0,0
568,59.85,13,0.48,0.0,5.0,0.0,2,0,2.0,0
569,59.85,21,0.39,0.39,5.0,0.17,4,0,2.2,0
570,59.85,21,0.21,0.0,5.0,0.33,4,0,2.2,0
571,59.85,1,0.0,0.0,5.0,0.0,2,0,2.0,0
572,59.85,21,0.42,0.0,5.0,0.0,4,0,2.2,0
573,59.85,28,0.04,0.0,5.0,0.22,2,0,2.0,0
574,59.85,14,0.0,0.22,5.0,0.0,2,0,2.0,0
575,59.85,43,0.0,0.0,5.0,0.0,2,0,2.0,0
576,55.57,32,0.29,0.39,5.5,0.05,2,0,2.4,0
577,55.57,9,0.0,1.96,5.0,0.4,2,0,2.6,0
578,55.57,6,2.24,7.26,5.0,0.24,2,0,3.6,1
579,55.57,6,0.62,0.42,5.0,0.0,2,0,2.0,0
580,55.57,8,1.7,5.91,5.0,3.68,4,0,3.6,1
581,55.57,8,0.95,0.72,5.0,0.0,4,0,2.2,0
582,55.57,2,0.0,0.0,5.5,85.05,6,0,3.2,1
583,55.57,2,2.59,111.9,5.0,8.47,6,0,4.2,1
584,55.57,2,6.48,43.08,5.0,253.12,6,2,4.8,1
585,55.57,4,1.2,0.54,5.0,0.45,2,0,2.2,0
586,55.57,4,0.26,0.21,5.0,0.05,2,0,2.0,0
587,55.57,5,0.7,0.19,5.0,0.0,2,0,2.0,0
588,55.57,5,1.59,0.13,5.0,0.11,2,0,2.2,0
589,55.57,19,0.0,0.0,5.0,0.02,2,0,2.0,0
590,55.57,19,3.14,4.97,5.0,6.41,2,1,4.0,1
591,55.57,20,0.68,1.47,5.0,0.0,2,0,2.6,0
592,55.57,9,0.67,1.71,5.0,0.0,2,0,2.6,0
593,55.57,9,2.54,5.52,5.0,0.49,2,0,3.6,1
594,55.57,11,1.84,4.25,5.0,0.82,2,0,3.4,0
595,55.57,8,0.0,0.0,5.0,0.0,2,0,2.0,0
596,55.57,12,3.1,4.66,5.0,0.59,2,0,3.6,1
597,55.57,12,0.79,0.46,5.0,0.28,2,0,2.0,0
598,55.57,12,0.38,0.09,5.0,0.0,2,0,2.0,0
599,55.57,8,2.41,4.69,5.0,0.25,2,0,3.6,1
600,55.57,8,0.0,0.0,5.0,0.0,2,0,2.0,0
601,55.57,29,1.26,1.58,5.0,6.5,2,0,3.0,1
602,55.57,29,0.6,0.46,5.0,0.0,2,0,2.0,0
603,55.57,2,1.24,2.27,5.0,0.0,6,0,3.8,1
604,55.57,1,0.0,0.0,5.0,0.0,6,0,2.4,1
605,55.57,44,0.0006,1.11,5.0,0.0,6,0,3.0,1
606,55.57,9,1.49,2.34,5.0,0.25,2,0,3.4,0
607,55.57,32,1.27,2.0,5.0,0.18,2,0,3.4,0
608,55.57,16,2.42,3.53,5.0,6.31,2,0,3.8,1
609,55.57,15,0.69,0.81,5.0,0.0,2,0,2.0,0
610,55.57,15,1.85,4.16,5.0,0.51,2,0,3.4,0
611,55.57,15,1.85,4.16,5.0,1.65,2,0,3.4,0
612,55.57,13,2.45,5.47,5.0,5.61,2,0,3.8,1
613,55.57,13,0.54,0.67,5.0,0.0,2,0,2.0,0
614,55.57,22,0.0,0.0,5.0,0.0,2,0,2.0,0
615,55.57,18,1.45,5.79,5.0,0.69,2,0,3.4,1
616,55.57,6,0.84,0.0,5.0,0.0,2,0,2.0,0
617,55.57,6,0.0,0.0,5.0,0.0,2,0,2.0,0
618,55.57,6,0.11,0.0,5.0,0.0,2,0,2.0,0
619,55.57,16,0.49,0.0,5.0,0.0,2,0,2.0,0
620,55.57,6,0.41,0.0,5.0,0.0,2,0,2.0,0
621,55.57,25,0.56,0.0,5.0,0.0,2,0,2.0,0
622,55.57,6,0.87,0.0,5.0,0.1,2,0,2.0,0
623,55.57,25,0.5,0.0,5.0,0.0,2,0,2.0,0
624,55.57,6,0.0,0.0,5.0,0.02,2,0,2.0,0
625,55.57,6,0.38,0.49,5.0,0.0,2,0,2.0,0
626,55.57,6,0.0,0.03,5.0,0.0,2,0,2.0,0
627,55.57,37,0.17,0.0,5.0,0.0,2,0,2.0,0
628,55.57,8,0.84,0.0,5.0,0.0,4,0,2.2,0
629,55.57,37,0.49,4.78,5.0,0.0,2,0,3.2,0
630,55.57,8,0.67,0.41,5.0,0.99,4,0,2.2,0
631,55.57,8,0.45,8.27,5.0,9.43,4,0,3.6,1
632,55.57,8,0.0,0.0,5.0,0.0,4,0,2.2,0
633,55.57,8,0.68,0.0,5.0,0.0,4,0,2.2,0
634,55.57,8,0.99,0.0,5.0,0.0,4,0,2.2,0
635,55.57,8,0.29,0.0,5.0,0.0,4,0,2.2,0
636,55.57,8,1.67,0.0,5.0,0.06,4,0,2.4,0
637,55.57,8,1.05,2.17,5.0,0.0,4,0,3.6,1
638,55.57,2,0.74,0.0,5.0,0.0,6,0,2.4,1
639,55.57,2,0.0,0.0,5.0,0.0,6,0,2.4,1
640,55.57,4,0.51,1.36,5.0,0.0,2,0,2.6,0
641,55.57,4,0.74,0.0,5.0,0.15,2,0,2.0,0
642,55.57,4,0.23,0.0,5.0,,2,0,2.0,0
643,55.57,4,0.0,1.3,5.0,0.0,2,0,2.6,0
644,55.57,4,0.49,0.0,5.0,0.0,2,0,2.0,0
645,55.57,4,0.73,0.0,5.0,0.0,2,0,2.0,0
646,55.57,4,0.28,0.25,5.0,0.0,2,0,2.0,0
647,55.57,4,0.32,0.0,5.0,0.0,2,0,2.2,0
648,55.57,14,0.21,0.0,5.0,0.0,2,0,2.0,0
649,55.57,14,1.63,0.0,5.0,0.0,2,0,2.2,0
650,55.57,36,0.8,0.0,5.0,0.0,2,0,2.0,0
651,55.57,5,0.0,0.0,5.0,0.0,2,0,2.0,0
652,55.57,43,0.83,0.0,5.0,0.0,2,0,2.0,0
653,55.57,5,0.57,1.26,5.0,0.1,2,0,2.6,0
654,55.57,5,0.71,0.0,5.0,0.0,2,0,2.0,0
655,55.57,5,0.15,0.0,5.0,0.0,2,0,2.0,0
656,55.57,5,1.26,0.0,5.0,0.0,2,0,2.2,0
657,55.57,5,0.0,0.0,5.0,0.01,2,0,2.0,0
658,55.57,43,0.0,0.0,5.0,0.0,2,0,2.0,0
659,55.57,5,0.0,0.0,5.0,0.0,2,0,2.0,0
660,55.57,5,0.09,0.0,5.0,0.0,2,0,2.0,0
661,55.57,5,0.51,0.03,5.0,0.0,2,0,2.0,0
662,55.57,5,0.49,0.0,5.0,0.02,2,0,2.0,0
663,55.57,19,1.1,0.0,5.0,0.0,2,0,2.2,0
664,55.57,8,1.14,0.0,5.0,0.0,4,0,2.4,0
665,55.57,19,0.0,0.0,5.0,0.0,2,0,2.0,0
666,55.57,19,2.3,0.0,5.0,0.0,2,0,2.4,0
667,55.57,19,1.6,0.49,5.0,88.34,2,0,2.6,1
668,55.57,19,1.49,0.0,5.0,0.0,2,0,2.2,0
669,55.57,19,0.24,0.0,5.0,0.0,2,0,2.0,0
670,55.57,19,0.42,0.0,5.0,0.0,2,0,2.0,0
671,55.57,19,1.07,0.16,5.0,0.0,2,0,2.2,0
672,55.57,22,1.39,0.0,5.0,0.0,2,0,2.2,0
673,55.57,22,0.07,0.0,5.0,0.0,2,0,2.0,0
674,55.57,9,0.49,0.4,5.0,0.0,2,0,2.0,0
675,55.57,9,0.88,0.54,5.0,0.11,2,0,2.0,0
676,55.57,19,0.0,1.74,5.0,0.0,2,0,2.6,0
677,55.57,9,1.28,0.0,5.0,0.22,2,0,2.2,0
678,55.57,9,0.0,0.0,5.0,0.0,2,0,2.0,0
679,55.57,9,0.0,0.0,5.0,0.0,2,0,2.0,0
680,55.57,9,0.21,0.0,5.0,0.0,2,0,2.0,0
681,55.57,9,0.92,0.0,5.0,0.0,2,0,2.0,0
682,55.57,9,0.17,0.0,5.0,0.0,2,0,2.0,0
683,55.57,9,0.26,0.0021,5.0,0.0,2,0,2.0,0
684,55.57,9,0.78,0.0,5.0,0.0,2,0,2.0,0
685,55.57,11,0.98,0.0,5.0,0.0,2,0,2.0,0
686,55.57,11,0.27,0.0017,5.0,0.0,2,0,2.0,0
687,55.57,11,0.41,0.11,5.0,0.0,2,0,2.0,0
688,55.57,11,0.74,0.0,5.0,0.71,2,0,2.0,0
689,55.57,11,0.82,2.92,5.0,0.0,2,0,3.2,0
690,55.57,12,0.0,11.68,5.0,0.0,2,0,3.2,1
691,55.57,12,0.61,0.0,5.0,0.0,2,0,2.0,0
692,55.57,12,0.62,0.47,5.0,0.58,2,0,2.0,0
693,55.57,12,0.0,0.0,5.0,3.57,2,0,2.0,0
694,55.57,12,0.0,0.0,5.0,0.0,2,0,2.0,0
695,55.57,12,0.0,0.0,5.0,0.0,2,0,2.0,0
696,55.57,12,0.0,0.0,5.0,0.0,2,0,2.0,0
697,55.57,12,1.08,0.0,5.0,0.0,2,0,2.2,0
698,55.57,12,0.7,0.0,5.0,0.0,2,0,2.0,0
699,55.57,8,1.36,0.0,5.0,0.0,2,0,2.2,0
700,55.57,8,0.0,5.24,5.0,0.0,2,0,3.2,0
701,55.57,8,0.32,0.17,5.0,0.0,2,0,2.0,0
702,55.57,8,0.33,0.0013,5.0,0.0,2,0,2.0,0
703,55.57,8,1.08,0.92,5.0,0.04,2,0,2.2,0
704,55.57,8,0.0,0.0,5.0,0.0,2,0,2.0,0
705,55.57,8,0.6,0.0,5.0,0.0,2,0,2.0,0
706,55.57,27,0.76,0.0,5.0,0.0,2,0,2.0,0
707,55.57,27,0.0,2.99,5.0,0.06,2,0,3.2,0
708,55.57,29,0.0,0.0,5.0,0.0,2,0,2.0,0
709,55.57,29,0.49,0.28,5.0,0.07,2,0,2.0,0
710,55.57,29,0.0,0.81,5.0,0.0,2,0,2.0,0
711,55.57,29,0.41,0.0,5.0,0.0,2,0,2.0,0
712,55.57,27,0.0,0.0,5.0,0.0,2,0,2.0,0
713,55.57,29,0.82,0.0,5.0,0.0,2,0,2.0,0
714,55.57,29,0.32,0.0009,5.0,0.0,2,0,2.0,0
715,55.57,27,0.0,0.0,5.0,0.0,2,0,2.0,0
716,55.57,2,0.0,0.0,5.0,0.0,6,0,2.4,1
717,55.57,2,1.06,0.63,5.0,0.9,6,0,2.6,1
718,55.57,28,0.0,0.0,5.0,0.0,2,0,2.0,0
719,55.57,28,0.0,0.0,5.0,0.13,2,0,2.0,0
720,55.57,17,0.0,0.0,5.0,0.0,2,0,2.0,0
721,55.57,9,0.51,1.63,5.0,1.8,2,0,2.6,0
722,55.57,9,1.06,0.0,5.0,0.0,2,0,2.2,0
723,55.57,9,0.71,0.25,5.0,0.0,2,0,2.0,0
724,55.57,32,0.0,8.49,5.0,0.43,2,0,3.2,1
725,55.57,32,1.6,0.0,5.0,0.0,2,0,2.2,0
726,55.57,32,0.3,0.0023,5.0,0.0,2,0,2.0,0
727,55.57,16,0.47,0.46,5.0,0.42,2,0,2.0,0
728,55.57,16,0.0,0.0,5.0,0.02,2,0,2.0,0
729,55.57,16,1.19,0.0,5.0,0.0,2,0,2.2,0
730,55.57,16,0.0,1.29,5.0,0.0,2,0,2.6,0
731,55.57,16,0.7,0.79,5.5,1.91,2,0,2.4,0
732,55.57,22,0.83,0.0,5.0,0.14,2,0,2.0,0
733,55.57,16,0.74,0.0,5.0,2.4,2,0,2.0,0
734,55.57,16,0.2,0.0,5.0,0.0,2,0,2.0,0
735,55.57,15,1.4,0.06,5.0,0.0,2,0,2.2,0
736,55.57,15,0.4,0.0025,5.0,0.0,2,0,2.0,0
737,55.57,15,0.85,1.0,5.0,0.4,2,0,2.6,0
738,55.57,15,0.0,0.88,5.0,0.07,2,0,2.0,0
739,55.57,15,0.0,0.0,5.0,0.0,2,0,2.0,0
740,55.57,15,1.12,0.0,5.0,0.0,2,0,2.2,0
741,55.57,15,1.28,0.0,5.0,0.0,2,0,2.2,0
742,55.57,15,0.0,0.0,5.0,0.0,2,0,2.0,0
743,55.57,13,0.0,1.16,5.0,0.0,2,0,2.6,0
744,55.57,13,0.1,0.0,5.0,0.0,2,0,2.0,0
745,55.57,13,1.06,1.6,5.0,16.09,2,0,3.2,1
746,55.57,13,0.25,0.0017,5.0,0.0,2,0,2.0,0
747,55.57,13,0.31,0.0015,5.0,0.0,2,0,2.0,0
748,55.57,13,0.0,0.0,5.0,0.0,2,0,2.0,0
749,55.57,13,0.84,0.0,5.0,0.0,2,0,2.0,0
750,55.57,13,1.09,0.0,5.0,0.0,2,0,2.2,0
751,55.57,13,1.29,0.0,5.0,0.0,2,0,2.2,0
752,55.57,13,0.51,0.37,5.0,0.0,2,0,2.0,0
753,55.57,21,0.09,0.0,5.0,0.0,2,0,2.0,0
754,55.57,18,0.39,0.91,5.0,0.0,2,0,2.0,0
755,55.57,21,1.07,0.0,5.0,0.0,2,0,2.2,0
756,55.57,25,0.0,0.0,5.0,0.0,2,0,2.0,0
757,55.57,32,0.5,2.97,5.0,0.18,2,0,3.2,0
758,55.57,22,0.49,0.55,5.0,0.0,2,0,2.0,0
759,55.57,14,0.84,0.65,5.0,0.0,2,0,2.0,0
760,55.57,12,0.9,1.11,5.0,0.0,2,0,2.6,0
761,55.57,12,0.0,0.0,5.0,0.0,2,0,2.0,0
762,55.57,14,0.59,0.0,5.0,0.0,2,0,2.0,0
763,55.57,36,0.02,0.0,5.0,0.0,2,0,2.0,0
764,55.57,14,1.48,4.48,5.0,0.0,2,0,3.4,0
765,55.57,22,0.0,3.3,5.0,0.0,2,0,3.2,0
766,55.57,8,0.8,0.57,5.0,0.0,2,0,2.0,0
767,55.57,18,0.36,0.54,5.0,0.21,2,0,2.0,0
768,55.57,9,0.44,0.53,5.0,0.0,2,0,2.0,0
769,55.57,16,0.51,0.5,5.0,0.09,2,0,2.0,0
770,55.57,18,0.75,0.45,5.0,0.0,2,0,2.0,0
771,55.57,9,0.49,0.4,5.0,0.0,2,0,2.0,0
772,55.57,16,0.47,0.37,5.0,0.0,2,0,2.0,0
773,55.57,14,0.24,0.04,5.0,0.0,2,0,2.0,0
774,55.57,18,0.2,0.0,5.0,0.0,2,0,2.0,0
775,55.57,15,0.0,0.0,5.0,0.32,2,0,2.0,0
